"filename", "language", "Python", "JSON with Comments", "Markdown", "Properties", "Django HTML", "Django txt", "CSS", "compressionTargetFile", "JavaScript", "CSV", "comment", "blank", "total"
"c:\Users\shado\Desktop\Documents\ComputerProgramme\Code\Development\WebEngineering\.VSCodeCounter\2021-04-14_22-20-03\details.md", "Markdown", 0, 0, 117, 0, 0, 0, 0, 0, 0, 0, 0, 6, 123
"c:\Users\shado\Desktop\Documents\ComputerProgramme\Code\Development\WebEngineering\.VSCodeCounter\2021-04-14_22-20-03\results.csv", "CSV", 0, 0, 0, 0, 0, 0, 0, 0, 0, 110, 0, 0, 110
"c:\Users\shado\Desktop\Documents\ComputerProgramme\Code\Development\WebEngineering\.VSCodeCounter\2021-04-14_22-20-03\results.md", "Markdown", 0, 0, 39, 0, 0, 0, 0, 0, 0, 0, 0, 7, 46
"c:\Users\shado\Desktop\Documents\ComputerProgramme\Code\Development\WebEngineering\.VSCodeCounter\2021-04-14_22-20-03\results.txt", "Django txt", 0, 0, 0, 0, 0, 154, 0, 0, 0, 0, 0, 3, 157
"c:\Users\shado\Desktop\Documents\ComputerProgramme\Code\Development\WebEngineering\.history\Apps\polls\Models\TcyCurricula\Database_20210806152915.py", "Python", 0, 0, 0, 0, 0, 0, 0, 0, 0, 0, 0, 1, 1
"c:\Users\shado\Desktop\Documents\ComputerProgramme\Code\Development\WebEngineering\.history\Apps\polls\Models\TcyCurricula\Database_20210806154041.py", "Python", 61, 0, 0, 0, 0, 0, 0, 0, 0, 0, 10, 2, 73
"c:\Users\shado\Desktop\Documents\ComputerProgramme\Code\Development\WebEngineering\.history\Apps\polls\Models\TcyCurricula\Database_20210806154954.py", "Python", 63, 0, 0, 0, 0, 0, 0, 0, 0, 0, 10, 2, 75
"c:\Users\shado\Desktop\Documents\ComputerProgramme\Code\Development\WebEngineering\.history\Apps\polls\Models\TcyCurricula\Database_20210806160021.py", "Python", 63, 0, 0, 0, 0, 0, 0, 0, 0, 0, 10, 2, 75
"c:\Users\shado\Desktop\Documents\ComputerProgramme\Code\Development\WebEngineering\.history\Apps\polls\Models\TcyCurricula\Database_20210806214017.py", "Python", 63, 0, 0, 0, 0, 0, 0, 0, 0, 0, 10, 4, 77
"c:\Users\shado\Desktop\Documents\ComputerProgramme\Code\Development\WebEngineering\.history\Apps\polls\Models\TcyCurricula\Database_20210807153835.py", "Python", 63, 0, 0, 0, 0, 0, 0, 0, 0, 0, 10, 4, 77
"c:\Users\shado\Desktop\Documents\ComputerProgramme\Code\Development\WebEngineering\.history\Apps\polls\Models\TcyCurricula\Database_20210807154345.py", "Python", 63, 0, 0, 0, 0, 0, 0, 0, 0, 0, 10, 4, 77
"c:\Users\shado\Desktop\Documents\ComputerProgramme\Code\Development\WebEngineering\.history\Apps\polls\Models\TcyCurricula\Database_20210808155443.py", "Python", 63, 0, 0, 0, 0, 0, 0, 0, 0, 0, 10, 4, 77
"c:\Users\shado\Desktop\Documents\ComputerProgramme\Code\Development\WebEngineering\.history\Apps\polls\Models\TcyCurricula\Database_20210808160317.py", "Python", 64, 0, 0, 0, 0, 0, 0, 0, 0, 0, 10, 4, 78
"c:\Users\shado\Desktop\Documents\ComputerProgramme\Code\Development\WebEngineering\.history\Apps\polls\Models\TcyCurricula\Database_20210808161311.py", "Python", 68, 0, 0, 0, 0, 0, 0, 0, 0, 0, 10, 4, 82
"c:\Users\shado\Desktop\Documents\ComputerProgramme\Code\Development\WebEngineering\.history\Apps\polls\Models\TcyCurricula\Database_20210808161914.py", "Python", 72, 0, 0, 0, 0, 0, 0, 0, 0, 0, 10, 4, 86
"c:\Users\shado\Desktop\Documents\ComputerProgramme\Code\Development\WebEngineering\.history\Apps\polls\Models\TcyCurricula\Database_20210808163135.py", "Python", 72, 0, 0, 0, 0, 0, 0, 0, 0, 0, 10, 4, 86
"c:\Users\shado\Desktop\Documents\ComputerProgramme\Code\Development\WebEngineering\.history\Apps\polls\Models\TcyCurricula\Database_20210808163719.py", "Python", 77, 0, 0, 0, 0, 0, 0, 0, 0, 0, 10, 5, 92
"c:\Users\shado\Desktop\Documents\ComputerProgramme\Code\Development\WebEngineering\.history\Apps\polls\Models\TcyCurricula\Database_20210808164231.py", "Python", 80, 0, 0, 0, 0, 0, 0, 0, 0, 0, 10, 4, 94
"c:\Users\shado\Desktop\Documents\ComputerProgramme\Code\Development\WebEngineering\.history\Apps\polls\Models\TcyCurricula\Database_20210808164939.py", "Python", 86, 0, 0, 0, 0, 0, 0, 0, 0, 0, 10, 4, 100
"c:\Users\shado\Desktop\Documents\ComputerProgramme\Code\Development\WebEngineering\.history\Apps\polls\Models\TcyCurricula\Database_20210808165540.py", "Python", 93, 0, 0, 0, 0, 0, 0, 0, 0, 0, 10, 4, 107
"c:\Users\shado\Desktop\Documents\ComputerProgramme\Code\Development\WebEngineering\.history\Apps\polls\Models\TcyCurricula\Database_20210808170220.py", "Python", 93, 0, 0, 0, 0, 0, 0, 0, 0, 0, 10, 4, 107
"c:\Users\shado\Desktop\Documents\ComputerProgramme\Code\Development\WebEngineering\.history\Apps\polls\Models\TcyCurricula\Database_20210808172135.py", "Python", 93, 0, 0, 0, 0, 0, 0, 0, 0, 0, 10, 5, 108
"c:\Users\shado\Desktop\Documents\ComputerProgramme\Code\Development\WebEngineering\.history\Apps\polls\Models\TcyCurricula\Database_20210808172757.py", "Python", 105, 0, 0, 0, 0, 0, 0, 0, 0, 0, 10, 5, 120
"c:\Users\shado\Desktop\Documents\ComputerProgramme\Code\Development\WebEngineering\.history\Apps\polls\Models\TcyCurricula\Database_20210808173338.py", "Python", 113, 0, 0, 0, 0, 0, 0, 0, 0, 0, 10, 5, 128
"c:\Users\shado\Desktop\Documents\ComputerProgramme\Code\Development\WebEngineering\.history\Apps\polls\Models\TcyCurricula\Database_20210808175224.py", "Python", 113, 0, 0, 0, 0, 0, 0, 0, 0, 0, 10, 5, 128
"c:\Users\shado\Desktop\Documents\ComputerProgramme\Code\Development\WebEngineering\.history\Apps\polls\Models\TcyCurricula\Database_20210808220111.py", "Python", 113, 0, 0, 0, 0, 0, 0, 0, 0, 0, 10, 5, 128
"c:\Users\shado\Desktop\Documents\ComputerProgramme\Code\Development\WebEngineering\.history\Apps\polls\Models\TcyCurricula\Database_20210810102842.py", "Python", 113, 0, 0, 0, 0, 0, 0, 0, 0, 0, 10, 5, 128
"c:\Users\shado\Desktop\Documents\ComputerProgramme\Code\Development\WebEngineering\.history\Apps\polls\Models\TcyCurricula\Database_20210810113058.py", "Python", 113, 0, 0, 0, 0, 0, 0, 0, 0, 0, 10, 5, 128
"c:\Users\shado\Desktop\Documents\ComputerProgramme\Code\Development\WebEngineering\.history\Apps\polls\Models\TcyCurricula\Database_20210810123401.py", "Python", 104, 0, 0, 0, 0, 0, 0, 0, 0, 0, 49, 5, 158
"c:\Users\shado\Desktop\Documents\ComputerProgramme\Code\Development\WebEngineering\.history\Apps\polls\Models\TcyCurricula\Database_20210810141239.py", "Python", 104, 0, 0, 0, 0, 0, 0, 0, 0, 0, 73, 5, 182
"c:\Users\shado\Desktop\Documents\ComputerProgramme\Code\Development\WebEngineering\.history\Apps\polls\Models\TcyDept\Database_20210806152915.py", "Python", 0, 0, 0, 0, 0, 0, 0, 0, 0, 0, 0, 1, 1
"c:\Users\shado\Desktop\Documents\ComputerProgramme\Code\Development\WebEngineering\.history\Apps\polls\Models\TcyDept\Database_20210806154137.py", "Python", 19, 0, 0, 0, 0, 0, 0, 0, 0, 0, 1, 5, 25
"c:\Users\shado\Desktop\Documents\ComputerProgramme\Code\Development\WebEngineering\.history\Apps\polls\Models\TcyDept\Database_20210806160156.py", "Python", 19, 0, 0, 0, 0, 0, 0, 0, 0, 0, 1, 4, 24
"c:\Users\shado\Desktop\Documents\ComputerProgramme\Code\Development\WebEngineering\.history\Apps\polls\Models\TcyDept\Database_20210807153905.py", "Python", 19, 0, 0, 0, 0, 0, 0, 0, 0, 0, 1, 4, 24
"c:\Users\shado\Desktop\Documents\ComputerProgramme\Code\Development\WebEngineering\.history\Apps\polls\Models\TcyDept\Database_20210808162547.py", "Python", 26, 0, 0, 0, 0, 0, 0, 0, 0, 0, 1, 4, 31
"c:\Users\shado\Desktop\Documents\ComputerProgramme\Code\Development\WebEngineering\.history\Apps\polls\Models\TcyDept\Database_20210808220546.py", "Python", 27, 0, 0, 0, 0, 0, 0, 0, 0, 0, 1, 4, 32
"c:\Users\shado\Desktop\Documents\ComputerProgramme\Code\Development\WebEngineering\.history\Apps\polls\Models\TcyDept\Database_20210810102857.py", "Python", 27, 0, 0, 0, 0, 0, 0, 0, 0, 0, 1, 4, 32
"c:\Users\shado\Desktop\Documents\ComputerProgramme\Code\Development\WebEngineering\.history\Apps\polls\Models\TcyDept\Database_20210810124855.py", "Python", 28, 0, 0, 0, 0, 0, 0, 0, 0, 0, 1, 5, 34
"c:\Users\shado\Desktop\Documents\ComputerProgramme\Code\Development\WebEngineering\.history\Apps\polls\Models\TcyDept\Database_20210810134039.py", "Python", 28, 0, 0, 0, 0, 0, 0, 0, 0, 0, 1, 5, 34
"c:\Users\shado\Desktop\Documents\ComputerProgramme\Code\Development\WebEngineering\.history\Apps\polls\Models\EquipmentModel\Database_20210806152915.py", "Python", 0, 0, 0, 0, 0, 0, 0, 0, 0, 0, 0, 1, 1
"c:\Users\shado\Desktop\Documents\ComputerProgramme\Code\Development\WebEngineering\.history\Apps\polls\Models\EquipmentModel\Database_20210806155511.py", "Python", 74, 0, 0, 0, 0, 0, 0, 0, 0, 0, 4, 2, 80
"c:\Users\shado\Desktop\Documents\ComputerProgramme\Code\Development\WebEngineering\.history\Apps\polls\Models\EquipmentModel\Database_20210806160245.py", "Python", 74, 0, 0, 0, 0, 0, 0, 0, 0, 0, 4, 2, 80
"c:\Users\shado\Desktop\Documents\ComputerProgramme\Code\Development\WebEngineering\.history\Apps\polls\Models\EquipmentModel\Database_20210807153916.py", "Python", 74, 0, 0, 0, 0, 0, 0, 0, 0, 0, 4, 2, 80
"c:\Users\shado\Desktop\Documents\ComputerProgramme\Code\Development\WebEngineering\.history\Apps\polls\Models\EquipmentModel\Database_20210808162747.py", "Python", 74, 0, 0, 0, 0, 0, 0, 0, 0, 0, 4, 2, 80
"c:\Users\shado\Desktop\Documents\ComputerProgramme\Code\Development\WebEngineering\.history\Apps\polls\Models\EquipmentModel\Database_20210808220659.py", "Python", 73, 0, 0, 0, 0, 0, 0, 0, 0, 0, 4, 2, 79
"c:\Users\shado\Desktop\Documents\ComputerProgramme\Code\Development\WebEngineering\.history\Apps\polls\Models\EquipmentModel\Database_20210808221207.py", "Python", 94, 0, 0, 0, 0, 0, 0, 0, 0, 0, 5, 2, 101
"c:\Users\shado\Desktop\Documents\ComputerProgramme\Code\Development\WebEngineering\.history\Apps\polls\Models\EquipmentModel\Database_20210808221711.py", "Python", 112, 0, 0, 0, 0, 0, 0, 0, 0, 0, 5, 2, 119
"c:\Users\shado\Desktop\Documents\ComputerProgramme\Code\Development\WebEngineering\.history\Apps\polls\Models\EquipmentModel\Database_20210808222729.py", "Python", 118, 0, 0, 0, 0, 0, 0, 0, 0, 0, 5, 2, 125
"c:\Users\shado\Desktop\Documents\ComputerProgramme\Code\Development\WebEngineering\.history\Apps\polls\Models\EquipmentModel\Database_20210808223232.py", "Python", 121, 0, 0, 0, 0, 0, 0, 0, 0, 0, 5, 2, 128
"c:\Users\shado\Desktop\Documents\ComputerProgramme\Code\Development\WebEngineering\.history\Apps\polls\Models\EquipmentModel\Database_20210808223743.py", "Python", 122, 0, 0, 0, 0, 0, 0, 0, 0, 0, 5, 2, 129
"c:\Users\shado\Desktop\Documents\ComputerProgramme\Code\Development\WebEngineering\.history\Apps\polls\Models\EquipmentModel\Database_20210810102911.py", "Python", 122, 0, 0, 0, 0, 0, 0, 0, 0, 0, 5, 2, 129
"c:\Users\shado\Desktop\Documents\ComputerProgramme\Code\Development\WebEngineering\.history\Apps\polls\Models\EquipmentModel\Database_20210810124702.py", "Python", 96, 0, 0, 0, 0, 0, 0, 0, 0, 0, 44, 4, 144
"c:\Users\shado\Desktop\Documents\ComputerProgramme\Code\Development\WebEngineering\.history\Apps\polls\Models\EquipmentModel\Database_20210810141440.py", "Python", 96, 0, 0, 0, 0, 0, 0, 0, 0, 0, 44, 4, 144
"c:\Users\shado\Desktop\Documents\ComputerProgramme\Code\Development\WebEngineering\.history\Apps\polls\Models\LocationModel\Database_20210806152915.py", "Python", 0, 0, 0, 0, 0, 0, 0, 0, 0, 0, 0, 1, 1
"c:\Users\shado\Desktop\Documents\ComputerProgramme\Code\Development\WebEngineering\.history\Apps\polls\Models\LocationModel\Database_20210806154816.py", "Python", 26, 0, 0, 0, 0, 0, 0, 0, 0, 0, 0, 3, 29
"c:\Users\shado\Desktop\Documents\ComputerProgramme\Code\Development\WebEngineering\.history\Apps\polls\Models\LocationModel\Database_20210806155652.py", "Python", 93, 0, 0, 0, 0, 0, 0, 0, 0, 0, 0, 5, 98
"c:\Users\shado\Desktop\Documents\ComputerProgramme\Code\Development\WebEngineering\.history\Apps\polls\Models\LocationModel\Database_20210806160312.py", "Python", 93, 0, 0, 0, 0, 0, 0, 0, 0, 0, 0, 5, 98
"c:\Users\shado\Desktop\Documents\ComputerProgramme\Code\Development\WebEngineering\.history\Apps\polls\Models\LocationModel\Database_20210807153936.py", "Python", 93, 0, 0, 0, 0, 0, 0, 0, 0, 0, 0, 5, 98
"c:\Users\shado\Desktop\Documents\ComputerProgramme\Code\Development\WebEngineering\.history\Apps\polls\Models\LocationModel\Database_20210810101856.py", "Python", 93, 0, 0, 0, 0, 0, 0, 0, 0, 0, 0, 5, 98
"c:\Users\shado\Desktop\Documents\ComputerProgramme\Code\Development\WebEngineering\.history\Apps\polls\Models\LocationModel\Database_20210810102930.py", "Python", 93, 0, 0, 0, 0, 0, 0, 0, 0, 0, 0, 5, 98
"c:\Users\shado\Desktop\Documents\ComputerProgramme\Code\Development\WebEngineering\.history\Apps\polls\Models\LocationModel\Database_20210810103432.py", "Python", 93, 0, 0, 0, 0, 0, 0, 0, 0, 0, 0, 5, 98
"c:\Users\shado\Desktop\Documents\ComputerProgramme\Code\Development\WebEngineering\.history\Apps\polls\Models\LocationModel\Database_20210810111922.py", "Python", 99, 0, 0, 0, 0, 0, 0, 0, 0, 0, 0, 4, 103
"c:\Users\shado\Desktop\Documents\ComputerProgramme\Code\Development\WebEngineering\.history\Apps\polls\Models\LocationModel\Database_20210810113120.py", "Python", 100, 0, 0, 0, 0, 0, 0, 0, 0, 0, 0, 7, 107
"c:\Users\shado\Desktop\Documents\ComputerProgramme\Code\Development\WebEngineering\.history\Apps\polls\Models\LocationModel\Database_20210810115221.py", "Python", 100, 0, 0, 0, 0, 0, 0, 0, 0, 0, 0, 7, 107
"c:\Users\shado\Desktop\Documents\ComputerProgramme\Code\Development\WebEngineering\.history\Apps\polls\Models\LocationModel\Database_20210810124915.py", "Python", 119, 0, 0, 0, 0, 0, 0, 0, 0, 0, 0, 7, 126
"c:\Users\shado\Desktop\Documents\ComputerProgramme\Code\Development\WebEngineering\.history\Apps\polls\Models\LocationModel\Database_20210810125802.py", "Python", 123, 0, 0, 0, 0, 0, 0, 0, 0, 0, 0, 8, 131
"c:\Users\shado\Desktop\Documents\ComputerProgramme\Code\Development\WebEngineering\.history\Apps\polls\Models\LocationModel\Database_20210810131102.py", "Python", 127, 0, 0, 0, 0, 0, 0, 0, 0, 0, 0, 7, 134
"c:\Users\shado\Desktop\Documents\ComputerProgramme\Code\Development\WebEngineering\.history\Apps\polls\Models\LocationModel\Database_20210810131712.py", "Python", 127, 0, 0, 0, 0, 0, 0, 0, 0, 0, 0, 7, 134
"c:\Users\shado\Desktop\Documents\ComputerProgramme\Code\Development\WebEngineering\.history\Apps\polls\Models\MmxModel\Database_20210806152915.py", "Python", 0, 0, 0, 0, 0, 0, 0, 0, 0, 0, 0, 1, 1
"c:\Users\shado\Desktop\Documents\ComputerProgramme\Code\Development\WebEngineering\.history\Apps\polls\Models\MmxModel\Database_20210806155729.py", "Python", 42, 0, 0, 0, 0, 0, 0, 0, 0, 0, 1, 6, 49
"c:\Users\shado\Desktop\Documents\ComputerProgramme\Code\Development\WebEngineering\.history\Apps\polls\Models\MmxModel\Database_20210806160343.py", "Python", 42, 0, 0, 0, 0, 0, 0, 0, 0, 0, 1, 6, 49
"c:\Users\shado\Desktop\Documents\ComputerProgramme\Code\Development\WebEngineering\.history\Apps\polls\Models\MmxModel\Database_20210807154117.py", "Python", 42, 0, 0, 0, 0, 0, 0, 0, 0, 0, 1, 6, 49
"c:\Users\shado\Desktop\Documents\ComputerProgramme\Code\Development\WebEngineering\.history\Apps\polls\Models\MmxModel\Database_20210807161256.py", "Python", 42, 0, 0, 0, 0, 0, 0, 0, 0, 0, 1, 6, 49
"c:\Users\shado\Desktop\Documents\ComputerProgramme\Code\Development\WebEngineering\.history\Apps\polls\Models\MmxModel\Database_20210810131301.py", "Python", 55, 0, 0, 0, 0, 0, 0, 0, 0, 0, 1, 7, 63
"c:\Users\shado\Desktop\Documents\ComputerProgramme\Code\Development\WebEngineering\.history\Apps\polls\Models\MmxModel\Database_20210810132209.py", "Python", 56, 0, 0, 0, 0, 0, 0, 0, 0, 0, 9, 7, 72
"c:\Users\shado\Desktop\Documents\ComputerProgramme\Code\Development\WebEngineering\.history\Apps\polls\Models\MmxModel\Database_20210810132712.py", "Python", 70, 0, 0, 0, 0, 0, 0, 0, 0, 0, 9, 7, 86
"c:\Users\shado\Desktop\Documents\ComputerProgramme\Code\Development\WebEngineering\.history\Apps\polls\Models\MmxModel\Database_20210810134100.py", "Python", 70, 0, 0, 0, 0, 0, 0, 0, 0, 0, 9, 7, 86
"c:\Users\shado\Desktop\Documents\ComputerProgramme\Code\Development\WebEngineering\.history\Apps\polls\Models\MmxModel\Database_20210810141532.py", "Python", 70, 0, 0, 0, 0, 0, 0, 0, 0, 0, 9, 7, 86
"c:\Users\shado\Desktop\Documents\ComputerProgramme\Code\Development\WebEngineering\.history\Apps\polls\Models\CoursePlanModel\Database_20210806152915.py", "Python", 0, 0, 0, 0, 0, 0, 0, 0, 0, 0, 0, 1, 1
"c:\Users\shado\Desktop\Documents\ComputerProgramme\Code\Development\WebEngineering\.history\Apps\polls\Models\CoursePlanModel\Database_20210806155316.py", "Python", 69, 0, 0, 0, 0, 0, 0, 0, 0, 0, 0, 2, 71
"c:\Users\shado\Desktop\Documents\ComputerProgramme\Code\Development\WebEngineering\.history\Apps\polls\Models\CoursePlanModel\Database_20210806160427.py", "Python", 69, 0, 0, 0, 0, 0, 0, 0, 0, 0, 0, 2, 71
"c:\Users\shado\Desktop\Documents\ComputerProgramme\Code\Development\WebEngineering\.history\Apps\polls\Models\CoursePlanModel\Database_20210807154117.py", "Python", 69, 0, 0, 0, 0, 0, 0, 0, 0, 0, 0, 2, 71
"c:\Users\shado\Desktop\Documents\ComputerProgramme\Code\Development\WebEngineering\.history\Apps\polls\Models\CoursePlanModel\Database_20210807160140.py", "Python", 69, 0, 0, 0, 0, 0, 0, 0, 0, 0, 0, 2, 71
"c:\Users\shado\Desktop\Documents\ComputerProgramme\Code\Development\WebEngineering\.history\Apps\polls\Models\CoursePlanModel\Database_20210810133023.py", "Python", 103, 0, 0, 0, 0, 0, 0, 0, 0, 0, 0, 4, 107
"c:\Users\shado\Desktop\Documents\ComputerProgramme\Code\Development\WebEngineering\.history\Apps\polls\Models\CoursePlanModel\Database_20210810133528.py", "Python", 109, 0, 0, 0, 0, 0, 0, 0, 0, 0, 0, 4, 113
"c:\Users\shado\Desktop\Documents\ComputerProgramme\Code\Development\WebEngineering\.history\Apps\polls\Models\CoursePlanModel\Database_20210810134121.py", "Python", 109, 0, 0, 0, 0, 0, 0, 0, 0, 0, 0, 4, 113
"c:\Users\shado\Desktop\Documents\ComputerProgramme\Code\Development\WebEngineering\.history\Apps\polls\Models\RunningAccountModel\Database_20210806152915.py", "Python", 0, 0, 0, 0, 0, 0, 0, 0, 0, 0, 0, 1, 1
"c:\Users\shado\Desktop\Documents\ComputerProgramme\Code\Development\WebEngineering\.history\Apps\polls\Models\RunningAccountModel\Database_20210806155802.py", "Python", 31, 0, 0, 0, 0, 0, 0, 0, 0, 0, 5, 2, 38
"c:\Users\shado\Desktop\Documents\ComputerProgramme\Code\Development\WebEngineering\.history\Apps\polls\Models\RunningAccountModel\Database_20210806160447.py", "Python", 31, 0, 0, 0, 0, 0, 0, 0, 0, 0, 5, 4, 40
"c:\Users\shado\Desktop\Documents\ComputerProgramme\Code\Development\WebEngineering\.history\Apps\polls\Models\RunningAccountModel\Database_20210807154117.py", "Python", 31, 0, 0, 0, 0, 0, 0, 0, 0, 0, 5, 4, 40
"c:\Users\shado\Desktop\Documents\ComputerProgramme\Code\Development\WebEngineering\.history\Apps\polls\Models\RunningAccountModel\Database_20210807160150.py", "Python", 31, 0, 0, 0, 0, 0, 0, 0, 0, 0, 5, 4, 40
"c:\Users\shado\Desktop\Documents\ComputerProgramme\Code\Development\WebEngineering\.history\Apps\polls\Models\RunningAccountModel\Database_20210810134139.py", "Python", 49, 0, 0, 0, 0, 0, 0, 0, 0, 0, 12, 4, 65
"c:\Users\shado\Desktop\Documents\ComputerProgramme\Code\Development\WebEngineering\.history\Apps\polls\Models\RunningAccountModel\Database_20210810134813.py", "Python", 51, 0, 0, 0, 0, 0, 0, 0, 0, 0, 20, 4, 75
"c:\Users\shado\Desktop\Documents\ComputerProgramme\Code\Development\WebEngineering\.history\Apps\polls\Models\RunningAccountModel\Database_20210810135319.py", "Python", 57, 0, 0, 0, 0, 0, 0, 0, 0, 0, 29, 4, 90
"c:\Users\shado\Desktop\Documents\ComputerProgramme\Code\Development\WebEngineering\.history\Apps\polls\Models\RunningAccountModel\Database_20210810135827.py", "Python", 61, 0, 0, 0, 0, 0, 0, 0, 0, 0, 29, 4, 94
"c:\Users\shado\Desktop\Documents\ComputerProgramme\Code\Development\WebEngineering\.history\Apps\polls\Models\RunningAccountModel\Database_20210810141548.py", "Python", 61, 0, 0, 0, 0, 0, 0, 0, 0, 0, 29, 4, 94
"c:\Users\shado\Desktop\Documents\ComputerProgramme\Code\Development\WebEngineering\.history\Apps\polls\Models\TcyTableInfo\Database_20210806152915.py", "Python", 0, 0, 0, 0, 0, 0, 0, 0, 0, 0, 0, 1, 1
"c:\Users\shado\Desktop\Documents\ComputerProgramme\Code\Development\WebEngineering\.history\Apps\polls\Models\TcyTableInfo\Database_20210806155601.py", "Python", 22, 0, 0, 0, 0, 0, 0, 0, 0, 0, 0, 2, 24
"c:\Users\shado\Desktop\Documents\ComputerProgramme\Code\Development\WebEngineering\.history\Apps\polls\Models\TcyTableInfo\Database_20210806160503.py", "Python", 22, 0, 0, 0, 0, 0, 0, 0, 0, 0, 0, 2, 24
"c:\Users\shado\Desktop\Documents\ComputerProgramme\Code\Development\WebEngineering\.history\Apps\polls\Models\TcyTableInfo\Database_20210807154117.py", "Python", 22, 0, 0, 0, 0, 0, 0, 0, 0, 0, 0, 2, 24
"c:\Users\shado\Desktop\Documents\ComputerProgramme\Code\Development\WebEngineering\.history\Apps\polls\Models\TableInformationModel\Database_20210807153757.py", "Python", 22, 0, 0, 0, 0, 0, 0, 0, 0, 0, 0, 2, 24
"c:\Users\shado\Desktop\Documents\ComputerProgramme\Code\Development\WebEngineering\.history\Apps\polls\Models\TableInformationModel\Database_20210810140039.py", "Python", 38, 0, 0, 0, 0, 0, 0, 0, 0, 0, 0, 4, 42
"c:\Users\shado\Desktop\Documents\ComputerProgramme\Code\Development\WebEngineering\.history\Apps\polls\Models\TyperaModel\Database_20210806152915.py", "Python", 0, 0, 0, 0, 0, 0, 0, 0, 0, 0, 0, 1, 1
"c:\Users\shado\Desktop\Documents\ComputerProgramme\Code\Development\WebEngineering\.history\Apps\polls\Models\TyperaModel\Database_20210806155937.py", "Python", 23, 0, 0, 0, 0, 0, 0, 0, 0, 0, 0, 2, 25
"c:\Users\shado\Desktop\Documents\ComputerProgramme\Code\Development\WebEngineering\.history\Apps\polls\Models\TyperaModel\Database_20210806160557.py", "Python", 23, 0, 0, 0, 0, 0, 0, 0, 0, 0, 0, 2, 25
"c:\Users\shado\Desktop\Documents\ComputerProgramme\Code\Development\WebEngineering\.history\Apps\polls\Models\TyperaModel\Database_20210807154117.py", "Python", 23, 0, 0, 0, 0, 0, 0, 0, 0, 0, 0, 2, 25
"c:\Users\shado\Desktop\Documents\ComputerProgramme\Code\Development\WebEngineering\.history\Apps\polls\Models\TyperaModel\Database_20210810103206.py", "Python", 23, 0, 0, 0, 0, 0, 0, 0, 0, 0, 0, 2, 25
"c:\Users\shado\Desktop\Documents\ComputerProgramme\Code\Development\WebEngineering\.history\Apps\polls\Models\TyperaModel\Database_20210810140355.py", "Python", 39, 0, 0, 0, 0, 0, 0, 0, 0, 0, 0, 4, 43
"c:\Users\shado\Desktop\Documents\ComputerProgramme\Code\Development\WebEngineering\.history\Apps\polls\Models\UserModel\Database_20210806152915.py", "Python", 0, 0, 0, 0, 0, 0, 0, 0, 0, 0, 0, 1, 1
"c:\Users\shado\Desktop\Documents\ComputerProgramme\Code\Development\WebEngineering\.history\Apps\polls\Models\UserModel\Database_20210806154258.py", "Python", 37, 0, 0, 0, 0, 0, 0, 0, 0, 0, 5, 2, 44
"c:\Users\shado\Desktop\Documents\ComputerProgramme\Code\Development\WebEngineering\.history\Apps\polls\Models\UserModel\Database_20210806160005.py", "Python", 56, 0, 0, 0, 0, 0, 0, 0, 0, 0, 5, 3, 64
"c:\Users\shado\Desktop\Documents\ComputerProgramme\Code\Development\WebEngineering\.history\Apps\polls\Models\UserModel\Database_20210806160612.py", "Python", 56, 0, 0, 0, 0, 0, 0, 0, 0, 0, 5, 3, 64
"c:\Users\shado\Desktop\Documents\ComputerProgramme\Code\Development\WebEngineering\.history\Apps\polls\Models\UserModel\Database_20210807154117.py", "Python", 56, 0, 0, 0, 0, 0, 0, 0, 0, 0, 5, 3, 64
"c:\Users\shado\Desktop\Documents\ComputerProgramme\Code\Development\WebEngineering\.history\Apps\polls\Models\UserModel\Database_20210810140635.py", "Python", 78, 0, 0, 0, 0, 0, 0, 0, 0, 0, 5, 7, 90
"c:\Users\shado\Desktop\Documents\ComputerProgramme\Code\Development\WebEngineering\.history\Apps\polls\Models\UserModel\Database_20210810141216.py", "Python", 78, 0, 0, 0, 0, 0, 0, 0, 0, 0, 14, 7, 99
"c:\Users\shado\Desktop\Documents\ComputerProgramme\Code\Development\WebEngineering\.history\Apps\polls\Models\UserModel\Database_20210810141716.py", "Python", 78, 0, 0, 0, 0, 0, 0, 0, 0, 0, 21, 7, 106
"c:\Users\shado\Desktop\Documents\ComputerProgramme\Code\Development\WebEngineering\.history\Apps\polls\Models\UserModel\Database_20210810142322.py", "Python", 84, 0, 0, 0, 0, 0, 0, 0, 0, 0, 28, 7, 119
"c:\Users\shado\Desktop\Documents\ComputerProgramme\Code\Development\WebEngineering\.history\Apps\polls\Models\UserModel\Database_20210810142823.py", "Python", 97, 0, 0, 0, 0, 0, 0, 0, 0, 0, 28, 7, 132
"c:\Users\shado\Desktop\Documents\ComputerProgramme\Code\Development\WebEngineering\.history\Apps\polls\Models\UserModel\Database_20210810143328.py", "Python", 101, 0, 0, 0, 0, 0, 0, 0, 0, 0, 28, 7, 136
"c:\Users\shado\Desktop\Documents\ComputerProgramme\Code\Development\WebEngineering\.history\Apps\polls\Models\__init___20210423143744.py", "Python", 0, 0, 0, 0, 0, 0, 0, 0, 0, 0, 0, 1, 1
"c:\Users\shado\Desktop\Documents\ComputerProgramme\Code\Development\WebEngineering\.history\Apps\polls\Models\__init___20210807153318.py", "Python", 10, 0, 0, 0, 0, 0, 0, 0, 0, 0, 0, 1, 11
"c:\Users\shado\Desktop\Documents\ComputerProgramme\Code\Development\WebEngineering\.history\Apps\polls\Models\__init___20210807154117.py", "Python", 10, 0, 0, 0, 0, 0, 0, 0, 0, 0, 0, 1, 11
"c:\Users\shado\Desktop\Documents\ComputerProgramme\Code\Development\WebEngineering\.history\Apps\polls\Models\__init___20210807160201.py", "Python", 10, 0, 0, 0, 0, 0, 0, 0, 0, 0, 0, 1, 11
"c:\Users\shado\Desktop\Documents\ComputerProgramme\Code\Development\WebEngineering\.history\Apps\polls\Models\__init___20210807161256.py", "Python", 10, 0, 0, 0, 0, 0, 0, 0, 0, 0, 0, 1, 11
"c:\Users\shado\Desktop\Documents\ComputerProgramme\Code\Development\WebEngineering\.history\Apps\polls\Models\__init___20210807163120.py", "Python", 10, 0, 0, 0, 0, 0, 0, 0, 0, 0, 0, 1, 11
"c:\Users\shado\Desktop\Documents\ComputerProgramme\Code\Development\WebEngineering\.history\Apps\polls\Tasks\QuitWarning_20210423143744.py", "Python", 43, 0, 0, 0, 0, 0, 0, 0, 0, 0, 1, 6, 50
"c:\Users\shado\Desktop\Documents\ComputerProgramme\Code\Development\WebEngineering\.history\Apps\polls\Tasks\QuitWarning_20210807153714.py", "Python", 43, 0, 0, 0, 0, 0, 0, 0, 0, 0, 1, 6, 50
"c:\Users\shado\Desktop\Documents\ComputerProgramme\Code\Development\WebEngineering\.history\Apps\polls\Tasks\QuitWarning_20210807154454.py", "Python", 43, 0, 0, 0, 0, 0, 0, 0, 0, 0, 1, 6, 50
"c:\Users\shado\Desktop\Documents\ComputerProgramme\Code\Development\WebEngineering\.history\Apps\polls\Views\APIViewDelete_20210624103859.py", "Python", 80, 0, 0, 0, 0, 0, 0, 0, 0, 0, 1, 3, 84
"c:\Users\shado\Desktop\Documents\ComputerProgramme\Code\Development\WebEngineering\.history\Apps\polls\Views\APIViewDelete_20210807154408.py", "Python", 80, 0, 0, 0, 0, 0, 0, 0, 0, 0, 1, 3, 84
"c:\Users\shado\Desktop\Documents\ComputerProgramme\Code\Development\WebEngineering\.history\Apps\polls\Views\APIViewDelete_20210807155649.py", "Python", 80, 0, 0, 0, 0, 0, 0, 0, 0, 0, 1, 3, 84
"c:\Users\shado\Desktop\Documents\ComputerProgramme\Code\Development\WebEngineering\.history\Apps\polls\Views\APIViewDelete_20210810143339.py", "Python", 94, 0, 0, 0, 0, 0, 0, 0, 0, 0, 1, 6, 101
"c:\Users\shado\Desktop\Documents\ComputerProgramme\Code\Development\WebEngineering\.history\Apps\polls\Views\AttendanceInformationClass_20210624103859.py", "Python", 325, 0, 0, 0, 0, 0, 0, 0, 0, 0, 1, 7, 333
"c:\Users\shado\Desktop\Documents\ComputerProgramme\Code\Development\WebEngineering\.history\Apps\polls\Views\AttendanceInformationClass_20210807154322.py", "Python", 325, 0, 0, 0, 0, 0, 0, 0, 0, 0, 1, 7, 333
"c:\Users\shado\Desktop\Documents\ComputerProgramme\Code\Development\WebEngineering\.history\Apps\polls\Views\AttendanceInformationClass_20210807160227.py", "Python", 325, 0, 0, 0, 0, 0, 0, 0, 0, 0, 1, 7, 333
"c:\Users\shado\Desktop\Documents\ComputerProgramme\Code\Development\WebEngineering\.history\Apps\polls\Views\AttendanceInformationClass_20210810143400.py", "Python", 343, 0, 0, 0, 0, 0, 0, 0, 0, 0, 9, 7, 359
"c:\Users\shado\Desktop\Documents\ComputerProgramme\Code\Development\WebEngineering\.history\Apps\polls\Views\AttendanceInformation_20210624103859.py", "Python", 603, 0, 0, 0, 0, 0, 0, 0, 0, 0, 5, 10, 618
"c:\Users\shado\Desktop\Documents\ComputerProgramme\Code\Development\WebEngineering\.history\Apps\polls\Views\AttendanceInformation_20210807154117.py", "Python", 603, 0, 0, 0, 0, 0, 0, 0, 0, 0, 5, 10, 618
"c:\Users\shado\Desktop\Documents\ComputerProgramme\Code\Development\WebEngineering\.history\Apps\polls\Views\AttendanceInformation_20210807155824.py", "Python", 605, 0, 0, 0, 0, 0, 0, 0, 0, 0, 5, 10, 620
"c:\Users\shado\Desktop\Documents\ComputerProgramme\Code\Development\WebEngineering\.history\Apps\polls\Views\AttendanceInformation_20210810143347.py", "Python", 681, 0, 0, 0, 0, 0, 0, 0, 0, 0, 21, 14, 716
"c:\Users\shado\Desktop\Documents\ComputerProgramme\Code\Development\WebEngineering\.history\Apps\polls\Views\CourseArrangement_20210624103859.py", "Python", 784, 0, 0, 0, 0, 0, 0, 0, 0, 0, 4, 15, 803
"c:\Users\shado\Desktop\Documents\ComputerProgramme\Code\Development\WebEngineering\.history\Apps\polls\Views\CourseArrangement_20210807154117.py", "Python", 784, 0, 0, 0, 0, 0, 0, 0, 0, 0, 4, 15, 803
"c:\Users\shado\Desktop\Documents\ComputerProgramme\Code\Development\WebEngineering\.history\Apps\polls\Views\CourseArrangement_20210807160221.py", "Python", 787, 0, 0, 0, 0, 0, 0, 0, 0, 0, 4, 15, 806
"c:\Users\shado\Desktop\Documents\ComputerProgramme\Code\Development\WebEngineering\.history\Apps\polls\Views\CourseArrangement_20210807170326.py", "Python", 786, 0, 0, 0, 0, 0, 0, 0, 0, 0, 4, 15, 805
"c:\Users\shado\Desktop\Documents\ComputerProgramme\Code\Development\WebEngineering\.history\Apps\polls\Views\CourseArrangement_20210810143417.py", "Python", 895, 0, 0, 0, 0, 0, 0, 0, 0, 0, 20, 14, 929
"c:\Users\shado\Desktop\Documents\ComputerProgramme\Code\Development\WebEngineering\.history\Apps\polls\Views\CourseInformation_20210624103859.py", "Python", 1018, 0, 0, 0, 0, 0, 0, 0, 0, 0, 20, 12, 1050
"c:\Users\shado\Desktop\Documents\ComputerProgramme\Code\Development\WebEngineering\.history\Apps\polls\Views\CourseInformation_20210807154117.py", "Python", 1018, 0, 0, 0, 0, 0, 0, 0, 0, 0, 20, 12, 1050
"c:\Users\shado\Desktop\Documents\ComputerProgramme\Code\Development\WebEngineering\.history\Apps\polls\Views\CourseInformation_20210807160526.py", "Python", 1020, 0, 0, 0, 0, 0, 0, 0, 0, 0, 20, 12, 1052
"c:\Users\shado\Desktop\Documents\ComputerProgramme\Code\Development\WebEngineering\.history\Apps\polls\Views\CourseInformation_20210810143442.py", "Python", 1339, 0, 0, 0, 0, 0, 0, 0, 0, 0, 36, 14, 1389
"c:\Users\shado\Desktop\Documents\ComputerProgramme\Code\Development\WebEngineering\.history\Apps\polls\Views\EquipmentInformation_20210624103859.py", "Python", 694, 0, 0, 0, 0, 0, 0, 0, 0, 0, 5, 11, 710
"c:\Users\shado\Desktop\Documents\ComputerProgramme\Code\Development\WebEngineering\.history\Apps\polls\Views\EquipmentInformation_20210807154117.py", "Python", 694, 0, 0, 0, 0, 0, 0, 0, 0, 0, 5, 11, 710
"c:\Users\shado\Desktop\Documents\ComputerProgramme\Code\Development\WebEngineering\.history\Apps\polls\Views\EquipmentInformation_20210807160221.py", "Python", 694, 0, 0, 0, 0, 0, 0, 0, 0, 0, 5, 11, 710
"c:\Users\shado\Desktop\Documents\ComputerProgramme\Code\Development\WebEngineering\.history\Apps\polls\Views\EquipmentInformation_20210807160757.py", "Python", 697, 0, 0, 0, 0, 0, 0, 0, 0, 0, 5, 11, 713
"c:\Users\shado\Desktop\Documents\ComputerProgramme\Code\Development\WebEngineering\.history\Apps\polls\Views\EquipmentInformation_20210810143450.py", "Python", 966, 0, 0, 0, 0, 0, 0, 0, 0, 0, 24, 13, 1003
"c:\Users\shado\Desktop\Documents\ComputerProgramme\Code\Development\WebEngineering\.history\Apps\polls\Views\IDEvaluation_20210624103859.py", "Python", 105, 0, 0, 0, 0, 0, 0, 0, 0, 0, 1, 3, 109
"c:\Users\shado\Desktop\Documents\ComputerProgramme\Code\Development\WebEngineering\.history\Apps\polls\Views\IDEvaluation_20210807154117.py", "Python", 105, 0, 0, 0, 0, 0, 0, 0, 0, 0, 1, 3, 109
"c:\Users\shado\Desktop\Documents\ComputerProgramme\Code\Development\WebEngineering\.history\Apps\polls\Views\IDEvaluation_20210807160221.py", "Python", 105, 0, 0, 0, 0, 0, 0, 0, 0, 0, 1, 3, 109
"c:\Users\shado\Desktop\Documents\ComputerProgramme\Code\Development\WebEngineering\.history\Apps\polls\Views\IDEvaluation_20210807160926.py", "Python", 109, 0, 0, 0, 0, 0, 0, 0, 0, 0, 1, 3, 113
"c:\Users\shado\Desktop\Documents\ComputerProgramme\Code\Development\WebEngineering\.history\Apps\polls\Views\IDEvaluation_20210807163240.py", "Python", 114, 0, 0, 0, 0, 0, 0, 0, 0, 0, 1, 3, 118
"c:\Users\shado\Desktop\Documents\ComputerProgramme\Code\Development\WebEngineering\.history\Apps\polls\Views\IDEvaluation_20210810143503.py", "Python", 114, 0, 0, 0, 0, 0, 0, 0, 0, 0, 8, 5, 127
"c:\Users\shado\Desktop\Documents\ComputerProgramme\Code\Development\WebEngineering\.history\Apps\polls\Views\Login_20210624103859.py", "Python", 146, 0, 0, 0, 0, 0, 0, 0, 0, 0, 7, 5, 158
"c:\Users\shado\Desktop\Documents\ComputerProgramme\Code\Development\WebEngineering\.history\Apps\polls\Views\Login_20210807154117.py", "Python", 146, 0, 0, 0, 0, 0, 0, 0, 0, 0, 7, 5, 158
"c:\Users\shado\Desktop\Documents\ComputerProgramme\Code\Development\WebEngineering\.history\Apps\polls\Views\Login_20210807161339.py", "Python", 146, 0, 0, 0, 0, 0, 0, 0, 0, 0, 7, 5, 158
"c:\Users\shado\Desktop\Documents\ComputerProgramme\Code\Development\WebEngineering\.history\Apps\polls\Views\Login_20210810141928.py", "Python", 148, 0, 0, 0, 0, 0, 0, 0, 0, 0, 15, 7, 170
"c:\Users\shado\Desktop\Documents\ComputerProgramme\Code\Development\WebEngineering\.history\Apps\polls\Views\Logout_20210624103859.py", "Python", 14, 0, 0, 0, 0, 0, 0, 0, 0, 0, 0, 2, 16
"c:\Users\shado\Desktop\Documents\ComputerProgramme\Code\Development\WebEngineering\.history\Apps\polls\Views\Logout_20210810143555.py", "Python", 19, 0, 0, 0, 0, 0, 0, 0, 0, 0, 0, 3, 22
"c:\Users\shado\Desktop\Documents\ComputerProgramme\Code\Development\WebEngineering\.history\Apps\polls\Views\Others_20210624103859.py", "Python", 311, 0, 0, 0, 0, 0, 0, 0, 0, 0, 19, 35, 365
"c:\Users\shado\Desktop\Documents\ComputerProgramme\Code\Development\WebEngineering\.history\Apps\polls\Views\Others_20210807154117.py", "Python", 311, 0, 0, 0, 0, 0, 0, 0, 0, 0, 19, 35, 365
"c:\Users\shado\Desktop\Documents\ComputerProgramme\Code\Development\WebEngineering\.history\Apps\polls\Views\PersonInformation_20210624103859.py", "Python", 233, 0, 0, 0, 0, 0, 0, 0, 0, 0, 1, 6, 240
"c:\Users\shado\Desktop\Documents\ComputerProgramme\Code\Development\WebEngineering\.history\Apps\polls\Views\PersonInformation_20210807154117.py", "Python", 233, 0, 0, 0, 0, 0, 0, 0, 0, 0, 1, 6, 240
"c:\Users\shado\Desktop\Documents\ComputerProgramme\Code\Development\WebEngineering\.history\Apps\polls\Views\PersonInformation_20210807161715.py", "Python", 233, 0, 0, 0, 0, 0, 0, 0, 0, 0, 1, 6, 240
"c:\Users\shado\Desktop\Documents\ComputerProgramme\Code\Development\WebEngineering\.history\Apps\polls\Views\PersonInformation_20210810143605.py", "Python", 273, 0, 0, 0, 0, 0, 0, 0, 0, 0, 1, 6, 280
"c:\Users\shado\Desktop\Documents\ComputerProgramme\Code\Development\WebEngineering\.history\Apps\polls\Views\Picture_20210624103859.py", "Python", 63, 0, 0, 0, 0, 0, 0, 0, 0, 0, 3, 4, 70
"c:\Users\shado\Desktop\Documents\ComputerProgramme\Code\Development\WebEngineering\.history\Apps\polls\Views\Picture_20210807154117.py", "Python", 63, 0, 0, 0, 0, 0, 0, 0, 0, 0, 3, 4, 70
"c:\Users\shado\Desktop\Documents\ComputerProgramme\Code\Development\WebEngineering\.history\Apps\polls\Views\Picture_20210807161757.py", "Python", 63, 0, 0, 0, 0, 0, 0, 0, 0, 0, 3, 4, 70
"c:\Users\shado\Desktop\Documents\ComputerProgramme\Code\Development\WebEngineering\.history\Apps\polls\Views\Picture_20210810143615.py", "Python", 72, 0, 0, 0, 0, 0, 0, 0, 0, 0, 3, 4, 79
"c:\Users\shado\Desktop\Documents\ComputerProgramme\Code\Development\WebEngineering\.history\Apps\polls\Views\Public_20210624103859.py", "Python", 411, 0, 0, 0, 0, 0, 0, 0, 0, 0, 0, 22, 433
"c:\Users\shado\Desktop\Documents\ComputerProgramme\Code\Development\WebEngineering\.history\Apps\polls\Views\Public_20210806130112.py", "Python", 416, 0, 0, 0, 0, 0, 0, 0, 0, 0, 1, 22, 439
"c:\Users\shado\Desktop\Documents\ComputerProgramme\Code\Development\WebEngineering\.history\Apps\polls\Views\Public_20210806130659.py", "Python", 413, 0, 0, 0, 0, 0, 0, 0, 0, 0, 0, 22, 435
"c:\Users\shado\Desktop\Documents\ComputerProgramme\Code\Development\WebEngineering\.history\Apps\polls\Views\Public_20210806131240.py", "Python", 413, 0, 0, 0, 0, 0, 0, 0, 0, 0, 0, 22, 435
"c:\Users\shado\Desktop\Documents\ComputerProgramme\Code\Development\WebEngineering\.history\Apps\polls\Views\Public_20210807154323.py", "Python", 413, 0, 0, 0, 0, 0, 0, 0, 0, 0, 0, 22, 435
"c:\Users\shado\Desktop\Documents\ComputerProgramme\Code\Development\WebEngineering\.history\Apps\polls\Views\Public_20210807160221.py", "Python", 413, 0, 0, 0, 0, 0, 0, 0, 0, 0, 0, 22, 435
"c:\Users\shado\Desktop\Documents\ComputerProgramme\Code\Development\WebEngineering\.history\Apps\polls\Views\Public_20210807161841.py", "Python", 414, 0, 0, 0, 0, 0, 0, 0, 0, 0, 0, 22, 436
"c:\Users\shado\Desktop\Documents\ComputerProgramme\Code\Development\WebEngineering\.history\Apps\polls\Views\Public_20210810145012.py", "Python", 540, 0, 0, 0, 0, 0, 0, 0, 0, 0, 6, 24, 570
"c:\Users\shado\Desktop\Documents\ComputerProgramme\Code\Development\WebEngineering\.history\Apps\polls\Views\QuitWarning_20210624103859.py", "Python", 191, 0, 0, 0, 0, 0, 0, 0, 0, 0, 0, 4, 195
"c:\Users\shado\Desktop\Documents\ComputerProgramme\Code\Development\WebEngineering\.history\Apps\polls\Views\QuitWarning_20210807154454.py", "Python", 191, 0, 0, 0, 0, 0, 0, 0, 0, 0, 0, 4, 195
"c:\Users\shado\Desktop\Documents\ComputerProgramme\Code\Development\WebEngineering\.history\Apps\polls\Views\QuitWarning_20210807162121.py", "Python", 191, 0, 0, 0, 0, 0, 0, 0, 0, 0, 0, 4, 195
"c:\Users\shado\Desktop\Documents\ComputerProgramme\Code\Development\WebEngineering\.history\Apps\polls\Views\QuitWarning_20210810143626.py", "Python", 224, 0, 0, 0, 0, 0, 0, 0, 0, 0, 0, 4, 228
"c:\Users\shado\Desktop\Documents\ComputerProgramme\Code\Development\WebEngineering\.history\Apps\polls\Views\StudentAttendance_20210624103859.py", "Python", 287, 0, 0, 0, 0, 0, 0, 0, 0, 0, 1, 5, 293
"c:\Users\shado\Desktop\Documents\ComputerProgramme\Code\Development\WebEngineering\.history\Apps\polls\Views\StudentAttendance_20210807154322.py", "Python", 287, 0, 0, 0, 0, 0, 0, 0, 0, 0, 1, 5, 293
"c:\Users\shado\Desktop\Documents\ComputerProgramme\Code\Development\WebEngineering\.history\Apps\polls\Views\StudentAttendance_20210807162257.py", "Python", 287, 0, 0, 0, 0, 0, 0, 0, 0, 0, 1, 5, 293
"c:\Users\shado\Desktop\Documents\ComputerProgramme\Code\Development\WebEngineering\.history\Apps\polls\Views\StudentAttendance_20210810143638.py", "Python", 310, 0, 0, 0, 0, 0, 0, 0, 0, 0, 9, 7, 326
"c:\Users\shado\Desktop\Documents\ComputerProgramme\Code\Development\WebEngineering\.history\Apps\polls\Views\StudentView_20210423143744.py", "Python", 168, 0, 0, 0, 0, 0, 0, 0, 0, 0, 26, 28, 222
"c:\Users\shado\Desktop\Documents\ComputerProgramme\Code\Development\WebEngineering\.history\Apps\polls\Views\StudentView_20210807154117.py", "Python", 168, 0, 0, 0, 0, 0, 0, 0, 0, 0, 26, 28, 222
"c:\Users\shado\Desktop\Documents\ComputerProgramme\Code\Development\WebEngineering\.history\Apps\polls\Views\StudentView_20210807160221.py", "Python", 168, 0, 0, 0, 0, 0, 0, 0, 0, 0, 26, 28, 222
"c:\Users\shado\Desktop\Documents\ComputerProgramme\Code\Development\WebEngineering\.history\Apps\polls\Views\StudentsInformation_20210624103859.py", "Python", 543, 0, 0, 0, 0, 0, 0, 0, 0, 0, 4, 11, 558
"c:\Users\shado\Desktop\Documents\ComputerProgramme\Code\Development\WebEngineering\.history\Apps\polls\Views\StudentsInformation_20210807154117.py", "Python", 543, 0, 0, 0, 0, 0, 0, 0, 0, 0, 4, 11, 558
"c:\Users\shado\Desktop\Documents\ComputerProgramme\Code\Development\WebEngineering\.history\Apps\polls\Views\StudentsInformation_20210807162346.py", "Python", 544, 0, 0, 0, 0, 0, 0, 0, 0, 0, 4, 11, 559
"c:\Users\shado\Desktop\Documents\ComputerProgramme\Code\Development\WebEngineering\.history\Apps\polls\Views\StudentsInformation_20210808134022.py", "Python", 542, 0, 0, 0, 0, 0, 0, 0, 0, 0, 4, 11, 557
"c:\Users\shado\Desktop\Documents\ComputerProgramme\Code\Development\WebEngineering\.history\Apps\polls\Views\StudentsInformation_20210810141940.py", "Python", 701, 0, 0, 0, 0, 0, 0, 0, 0, 0, 20, 13, 734
"c:\Users\shado\Desktop\Documents\ComputerProgramme\Code\Development\WebEngineering\.history\Apps\polls\Views\TeachersInformation_20210624103859.py", "Python", 261, 0, 0, 0, 0, 0, 0, 0, 0, 0, 1, 7, 269
"c:\Users\shado\Desktop\Documents\ComputerProgramme\Code\Development\WebEngineering\.history\Apps\polls\Views\TeachersInformation_20210807154117.py", "Python", 261, 0, 0, 0, 0, 0, 0, 0, 0, 0, 1, 7, 269
"c:\Users\shado\Desktop\Documents\ComputerProgramme\Code\Development\WebEngineering\.history\Apps\polls\Views\TeachersInformation_20210807162522.py", "Python", 260, 0, 0, 0, 0, 0, 0, 0, 0, 0, 1, 8, 269
"c:\Users\shado\Desktop\Documents\ComputerProgramme\Code\Development\WebEngineering\.history\Apps\polls\Views\TeachersInformation_20210810143655.py", "Python", 326, 0, 0, 0, 0, 0, 0, 0, 0, 0, 9, 8, 343
"c:\Users\shado\Desktop\Documents\ComputerProgramme\Code\Development\WebEngineering\.history\Apps\polls\Views\UserInformation_20210624103859.py", "Python", 508, 0, 0, 0, 0, 0, 0, 0, 0, 0, 4, 13, 525
"c:\Users\shado\Desktop\Documents\ComputerProgramme\Code\Development\WebEngineering\.history\Apps\polls\Views\UserInformation_20210807154117.py", "Python", 508, 0, 0, 0, 0, 0, 0, 0, 0, 0, 4, 13, 525
"c:\Users\shado\Desktop\Documents\ComputerProgramme\Code\Development\WebEngineering\.history\Apps\polls\Views\UserInformation_20210807162625.py", "Python", 508, 0, 0, 0, 0, 0, 0, 0, 0, 0, 4, 13, 525
"c:\Users\shado\Desktop\Documents\ComputerProgramme\Code\Development\WebEngineering\.history\Apps\polls\Views\UserInformation_20210810143702.py", "Python", 642, 0, 0, 0, 0, 0, 0, 0, 0, 0, 20, 14, 676
"c:\Users\shado\Desktop\Documents\ComputerProgramme\Code\Development\WebEngineering\.history\Apps\polls\admin_20210423143744.py", "Python", 15, 0, 0, 0, 0, 0, 0, 0, 0, 0, 1, 3, 19
"c:\Users\shado\Desktop\Documents\ComputerProgramme\Code\Development\WebEngineering\.history\Apps\polls\admin_20210807154117.py", "Python", 15, 0, 0, 0, 0, 0, 0, 0, 0, 0, 1, 3, 19
"c:\Users\shado\Desktop\Documents\ComputerProgramme\Code\Development\WebEngineering\.history\Apps\polls\admin_20210807160221.py", "Python", 15, 0, 0, 0, 0, 0, 0, 0, 0, 0, 1, 3, 19
"c:\Users\shado\Desktop\Documents\ComputerProgramme\Code\Development\WebEngineering\.history\Apps\polls\admin_20210807161256.py", "Python", 15, 0, 0, 0, 0, 0, 0, 0, 0, 0, 1, 3, 19
"c:\Users\shado\Desktop\Documents\ComputerProgramme\Code\Development\WebEngineering\.history\Apps\polls\admin_20210807162707.py", "Python", 24, 0, 0, 0, 0, 0, 0, 0, 0, 0, 1, 3, 28
"c:\Users\shado\Desktop\Documents\ComputerProgramme\Code\Development\WebEngineering\.history\Apps\polls\models_20210624103859.py", "Python", 469, 0, 0, 0, 0, 0, 0, 0, 0, 0, 26, 41, 536
"c:\Users\shado\Desktop\Documents\ComputerProgramme\Code\Development\WebEngineering\.history\Apps\polls\models_20210806162454.py", "Python", 476, 0, 0, 0, 0, 0, 0, 0, 0, 0, 26, 40, 542
"c:\Users\shado\Desktop\Documents\ComputerProgramme\Code\Development\WebEngineering\.history\Apps\polls\models_20210806162956.py", "Python", 10, 0, 0, 0, 0, 0, 0, 0, 0, 0, 1, 1, 12
"c:\Users\shado\Desktop\Documents\ComputerProgramme\Code\Development\WebEngineering\.history\Apps\polls\urls_20210624103859.py", "Python", 69, 0, 0, 0, 0, 0, 0, 0, 0, 0, 13, 2, 84
"c:\Users\shado\Desktop\Documents\ComputerProgramme\Code\Development\WebEngineering\.history\Apps\polls\urls_20210807163147.py", "Python", 52, 0, 0, 0, 0, 0, 0, 0, 0, 0, 13, 3, 68
"c:\Users\shado\Desktop\Documents\ComputerProgramme\Code\Development\WebEngineering\.history\Apps\其他_20210423143744.txt", "Django txt", 0, 0, 0, 0, 0, 83, 0, 0, 0, 0, 0, 14, 97
"c:\Users\shado\Desktop\Documents\ComputerProgramme\Code\Development\WebEngineering\.history\Apps\其他_20210806162513.txt", "Django txt", 0, 0, 0, 0, 0, 495, 0, 0, 0, 0, 0, 41, 536
"c:\Users\shado\Desktop\Documents\ComputerProgramme\Code\Development\WebEngineering\.history\Apps\其他_20210807154117.txt", "Django txt", 0, 0, 0, 0, 0, 495, 0, 0, 0, 0, 0, 41, 536
"c:\Users\shado\Desktop\Documents\ComputerProgramme\Code\Development\WebEngineering\.history\Apps\其他_20210807160221.txt", "Django txt", 0, 0, 0, 0, 0, 495, 0, 0, 0, 0, 0, 41, 536
"c:\Users\shado\Desktop\Documents\ComputerProgramme\Code\Development\WebEngineering\.history\Apps\其他_20210807161256.txt", "Django txt", 0, 0, 0, 0, 0, 495, 0, 0, 0, 0, 0, 41, 536
"c:\Users\shado\Desktop\Documents\ComputerProgramme\Code\Development\WebEngineering\.history\WebEngineering\settings_20210807132844.py", "Python", 206, 0, 0, 0, 0, 0, 0, 0, 0, 0, 55, 44, 305
"c:\Users\shado\Desktop\Documents\ComputerProgramme\Code\Development\WebEngineering\.history\WebEngineering\settings_20210807133523.py", "Python", 202, 0, 0, 0, 0, 0, 0, 0, 0, 0, 55, 44, 301
"c:\Users\shado\Desktop\Documents\ComputerProgramme\Code\Development\WebEngineering\.history\WebEngineering\settings_20210807151304.py", "Python", 203, 0, 0, 0, 0, 0, 0, 0, 0, 0, 55, 44, 302
"c:\Users\shado\Desktop\Documents\ComputerProgramme\Code\Development\WebEngineering\.history\WebEngineering\settings_20210808112350.py", "Python", 202, 0, 0, 0, 0, 0, 0, 0, 0, 0, 55, 44, 301
"c:\Users\shado\Desktop\Documents\ComputerProgramme\Code\Development\WebEngineering\.history\manage_20210624103859.py", "Python", 18, 0, 0, 0, 0, 0, 0, 0, 0, 0, 2, 4, 24
"c:\Users\shado\Desktop\Documents\ComputerProgramme\Code\Development\WebEngineering\.history\manage_20210806131432.py", "Python", 18, 0, 0, 0, 0, 0, 0, 0, 0, 0, 2, 4, 24
"c:\Users\shado\Desktop\Documents\ComputerProgramme\Code\Development\WebEngineering\.history\tets_20210807135608.py", "Python", 0, 0, 0, 0, 0, 0, 0, 0, 0, 0, 0, 1, 1
"c:\Users\shado\Desktop\Documents\ComputerProgramme\Code\Development\WebEngineering\.history\tets_20210807140112.py", "Python", 5, 0, 0, 0, 0, 0, 0, 0, 0, 0, 0, 1, 6
"c:\Users\shado\Desktop\Documents\ComputerProgramme\Code\Development\WebEngineering\.history\tets_20210810115324.py", "Python", 20, 0, 0, 0, 0, 0, 0, 0, 0, 0, 3, 7, 30
"c:\Users\shado\Desktop\Documents\ComputerProgramme\Code\Development\WebEngineering\.history\tets_20210810131244.py", "Python", 5, 0, 0, 0, 0, 0, 0, 0, 0, 0, 0, 4, 9
"c:\Users\shado\Desktop\Documents\ComputerProgramme\Code\Development\WebEngineering\Apps\polls\Models\TcyCurricula\Database.py", "Python", 104, 0, 0, 0, 0, 0, 0, 0, 0, 0, 73, 5, 182
"c:\Users\shado\Desktop\Documents\ComputerProgramme\Code\Development\WebEngineering\Apps\polls\Models\TcyCurricula\Operation.py", "Python", 0, 0, 0, 0, 0, 0, 0, 0, 0, 0, 0, 1, 1
"c:\Users\shado\Desktop\Documents\ComputerProgramme\Code\Development\WebEngineering\Apps\polls\Models\TcyCurricula\Serializer.py", "Python", 0, 0, 0, 0, 0, 0, 0, 0, 0, 0, 0, 1, 1
"c:\Users\shado\Desktop\Documents\ComputerProgramme\Code\Development\WebEngineering\Apps\polls\Models\TcyDept\Database.py", "Python", 28, 0, 0, 0, 0, 0, 0, 0, 0, 0, 1, 5, 34
"c:\Users\shado\Desktop\Documents\ComputerProgramme\Code\Development\WebEngineering\Apps\polls\Models\TcyDept\Operation.py", "Python", 0, 0, 0, 0, 0, 0, 0, 0, 0, 0, 0, 1, 1
"c:\Users\shado\Desktop\Documents\ComputerProgramme\Code\Development\WebEngineering\Apps\polls\Models\TcyDept\Serializer.py", "Python", 0, 0, 0, 0, 0, 0, 0, 0, 0, 0, 0, 1, 1
"c:\Users\shado\Desktop\Documents\ComputerProgramme\Code\Development\WebEngineering\Apps\polls\Models\EquipmentModel\Database.py", "Python", 96, 0, 0, 0, 0, 0, 0, 0, 0, 0, 44, 4, 144
"c:\Users\shado\Desktop\Documents\ComputerProgramme\Code\Development\WebEngineering\Apps\polls\Models\EquipmentModel\Operation.py", "Python", 0, 0, 0, 0, 0, 0, 0, 0, 0, 0, 0, 1, 1
"c:\Users\shado\Desktop\Documents\ComputerProgramme\Code\Development\WebEngineering\Apps\polls\Models\EquipmentModel\Serializer.py", "Python", 0, 0, 0, 0, 0, 0, 0, 0, 0, 0, 0, 1, 1
"c:\Users\shado\Desktop\Documents\ComputerProgramme\Code\Development\WebEngineering\Apps\polls\Models\LocationModel\Database.py", "Python", 127, 0, 0, 0, 0, 0, 0, 0, 0, 0, 0, 7, 134
"c:\Users\shado\Desktop\Documents\ComputerProgramme\Code\Development\WebEngineering\Apps\polls\Models\LocationModel\Operation.py", "Python", 0, 0, 0, 0, 0, 0, 0, 0, 0, 0, 0, 1, 1
"c:\Users\shado\Desktop\Documents\ComputerProgramme\Code\Development\WebEngineering\Apps\polls\Models\LocationModel\Serializer.py", "Python", 0, 0, 0, 0, 0, 0, 0, 0, 0, 0, 0, 1, 1
"c:\Users\shado\Desktop\Documents\ComputerProgramme\Code\Development\WebEngineering\Apps\polls\Models\MmxModel\Database.py", "Python", 70, 0, 0, 0, 0, 0, 0, 0, 0, 0, 9, 7, 86
"c:\Users\shado\Desktop\Documents\ComputerProgramme\Code\Development\WebEngineering\Apps\polls\Models\MmxModel\Operation.py", "Python", 0, 0, 0, 0, 0, 0, 0, 0, 0, 0, 0, 1, 1
"c:\Users\shado\Desktop\Documents\ComputerProgramme\Code\Development\WebEngineering\Apps\polls\Models\MmxModel\Serializer.py", "Python", 0, 0, 0, 0, 0, 0, 0, 0, 0, 0, 0, 1, 1
"c:\Users\shado\Desktop\Documents\ComputerProgramme\Code\Development\WebEngineering\Apps\polls\Models\CoursePlanModel\Database.py", "Python", 109, 0, 0, 0, 0, 0, 0, 0, 0, 0, 0, 4, 113
"c:\Users\shado\Desktop\Documents\ComputerProgramme\Code\Development\WebEngineering\Apps\polls\Models\CoursePlanModel\Operation.py", "Python", 0, 0, 0, 0, 0, 0, 0, 0, 0, 0, 0, 1, 1
"c:\Users\shado\Desktop\Documents\ComputerProgramme\Code\Development\WebEngineering\Apps\polls\Models\CoursePlanModel\Serializer.py", "Python", 0, 0, 0, 0, 0, 0, 0, 0, 0, 0, 0, 1, 1
"c:\Users\shado\Desktop\Documents\ComputerProgramme\Code\Development\WebEngineering\Apps\polls\Models\RunningAccountModel\Database.py", "Python", 61, 0, 0, 0, 0, 0, 0, 0, 0, 0, 29, 4, 94
"c:\Users\shado\Desktop\Documents\ComputerProgramme\Code\Development\WebEngineering\Apps\polls\Models\RunningAccountModel\Operation.py", "Python", 0, 0, 0, 0, 0, 0, 0, 0, 0, 0, 0, 1, 1
"c:\Users\shado\Desktop\Documents\ComputerProgramme\Code\Development\WebEngineering\Apps\polls\Models\RunningAccountModel\Serializer.py", "Python", 0, 0, 0, 0, 0, 0, 0, 0, 0, 0, 0, 1, 1
"c:\Users\shado\Desktop\Documents\ComputerProgramme\Code\Development\WebEngineering\Apps\polls\Models\TableInformationModel\Database.py", "Python", 38, 0, 0, 0, 0, 0, 0, 0, 0, 0, 0, 4, 42
"c:\Users\shado\Desktop\Documents\ComputerProgramme\Code\Development\WebEngineering\Apps\polls\Models\TableInformationModel\Operation.py", "Python", 0, 0, 0, 0, 0, 0, 0, 0, 0, 0, 0, 1, 1
"c:\Users\shado\Desktop\Documents\ComputerProgramme\Code\Development\WebEngineering\Apps\polls\Models\TableInformationModel\Serializer.py", "Python", 0, 0, 0, 0, 0, 0, 0, 0, 0, 0, 0, 1, 1
"c:\Users\shado\Desktop\Documents\ComputerProgramme\Code\Development\WebEngineering\Apps\polls\Models\TyperaModel\Database.py", "Python", 39, 0, 0, 0, 0, 0, 0, 0, 0, 0, 0, 4, 43
"c:\Users\shado\Desktop\Documents\ComputerProgramme\Code\Development\WebEngineering\Apps\polls\Models\TyperaModel\Operation.py", "Python", 0, 0, 0, 0, 0, 0, 0, 0, 0, 0, 0, 1, 1
"c:\Users\shado\Desktop\Documents\ComputerProgramme\Code\Development\WebEngineering\Apps\polls\Models\TyperaModel\Serializer.py", "Python", 0, 0, 0, 0, 0, 0, 0, 0, 0, 0, 0, 1, 1
"c:\Users\shado\Desktop\Documents\ComputerProgramme\Code\Development\WebEngineering\Apps\polls\Models\UserModel\Database.py", "Python", 101, 0, 0, 0, 0, 0, 0, 0, 0, 0, 28, 7, 136
"c:\Users\shado\Desktop\Documents\ComputerProgramme\Code\Development\WebEngineering\Apps\polls\Models\UserModel\Operation.py", "Python", 0, 0, 0, 0, 0, 0, 0, 0, 0, 0, 0, 1, 1
"c:\Users\shado\Desktop\Documents\ComputerProgramme\Code\Development\WebEngineering\Apps\polls\Models\UserModel\Serializer.py", "Python", 0, 0, 0, 0, 0, 0, 0, 0, 0, 0, 0, 1, 1
"c:\Users\shado\Desktop\Documents\ComputerProgramme\Code\Development\WebEngineering\Apps\polls\Models\__init__.py", "Python", 10, 0, 0, 0, 0, 0, 0, 0, 0, 0, 0, 1, 11
"c:\Users\shado\Desktop\Documents\ComputerProgramme\Code\Development\WebEngineering\Apps\polls\Services\Public.py", "Python", 0, 0, 0, 0, 0, 0, 0, 0, 0, 0, 0, 1, 1
"c:\Users\shado\Desktop\Documents\ComputerProgramme\Code\Development\WebEngineering\Apps\polls\Tasks\Email.py", "Python", 9, 0, 0, 0, 0, 0, 0, 0, 0, 0, 0, 3, 12
"c:\Users\shado\Desktop\Documents\ComputerProgramme\Code\Development\WebEngineering\Apps\polls\Tasks\QuitWarning.py", "Python", 43, 0, 0, 0, 0, 0, 0, 0, 0, 0, 1, 6, 50
"c:\Users\shado\Desktop\Documents\ComputerProgramme\Code\Development\WebEngineering\Apps\polls\Tasks\Test.py", "Python", 15, 0, 0, 0, 0, 0, 0, 0, 0, 0, 0, 3, 18
"c:\Users\shado\Desktop\Documents\ComputerProgramme\Code\Development\WebEngineering\Apps\polls\Tasks\urls.py", "Python", 3, 0, 0, 0, 0, 0, 0, 0, 0, 0, 0, 1, 4
"c:\Users\shado\Desktop\Documents\ComputerProgramme\Code\Development\WebEngineering\Apps\polls\Views\APIViewDelete.py", "Python", 94, 0, 0, 0, 0, 0, 0, 0, 0, 0, 1, 6, 101
"c:\Users\shado\Desktop\Documents\ComputerProgramme\Code\Development\WebEngineering\Apps\polls\Views\AttendanceInformation.py", "Python", 681, 0, 0, 0, 0, 0, 0, 0, 0, 0, 21, 14, 716
"c:\Users\shado\Desktop\Documents\ComputerProgramme\Code\Development\WebEngineering\Apps\polls\Views\AttendanceInformationClass.py", "Python", 343, 0, 0, 0, 0, 0, 0, 0, 0, 0, 9, 7, 359
"c:\Users\shado\Desktop\Documents\ComputerProgramme\Code\Development\WebEngineering\Apps\polls\Views\CourseArrangement.py", "Python", 895, 0, 0, 0, 0, 0, 0, 0, 0, 0, 20, 14, 929
"c:\Users\shado\Desktop\Documents\ComputerProgramme\Code\Development\WebEngineering\Apps\polls\Views\CourseInformation.py", "Python", 1339, 0, 0, 0, 0, 0, 0, 0, 0, 0, 36, 14, 1389
"c:\Users\shado\Desktop\Documents\ComputerProgramme\Code\Development\WebEngineering\Apps\polls\Views\EquipmentInformation.py", "Python", 966, 0, 0, 0, 0, 0, 0, 0, 0, 0, 24, 13, 1003
"c:\Users\shado\Desktop\Documents\ComputerProgramme\Code\Development\WebEngineering\Apps\polls\Views\IDEvaluation.py", "Python", 114, 0, 0, 0, 0, 0, 0, 0, 0, 0, 8, 5, 127
"c:\Users\shado\Desktop\Documents\ComputerProgramme\Code\Development\WebEngineering\Apps\polls\Views\Login.py", "Python", 148, 0, 0, 0, 0, 0, 0, 0, 0, 0, 15, 7, 170
"c:\Users\shado\Desktop\Documents\ComputerProgramme\Code\Development\WebEngineering\Apps\polls\Views\Logout.py", "Python", 19, 0, 0, 0, 0, 0, 0, 0, 0, 0, 0, 3, 22
"c:\Users\shado\Desktop\Documents\ComputerProgramme\Code\Development\WebEngineering\Apps\polls\Views\PersonInformation.py", "Python", 273, 0, 0, 0, 0, 0, 0, 0, 0, 0, 1, 6, 280
"c:\Users\shado\Desktop\Documents\ComputerProgramme\Code\Development\WebEngineering\Apps\polls\Views\Picture.py", "Python", 72, 0, 0, 0, 0, 0, 0, 0, 0, 0, 3, 4, 79
"c:\Users\shado\Desktop\Documents\ComputerProgramme\Code\Development\WebEngineering\Apps\polls\Views\Public.py", "Python", 540, 0, 0, 0, 0, 0, 0, 0, 0, 0, 6, 24, 570
"c:\Users\shado\Desktop\Documents\ComputerProgramme\Code\Development\WebEngineering\Apps\polls\Views\QuitWarning.py", "Python", 224, 0, 0, 0, 0, 0, 0, 0, 0, 0, 0, 4, 228
"c:\Users\shado\Desktop\Documents\ComputerProgramme\Code\Development\WebEngineering\Apps\polls\Views\StudentAttendance.py", "Python", 310, 0, 0, 0, 0, 0, 0, 0, 0, 0, 9, 7, 326
"c:\Users\shado\Desktop\Documents\ComputerProgramme\Code\Development\WebEngineering\Apps\polls\Views\StudentView.txt", "Django txt", 0, 0, 0, 0, 0, 194, 0, 0, 0, 0, 0, 28, 222
"c:\Users\shado\Desktop\Documents\ComputerProgramme\Code\Development\WebEngineering\Apps\polls\Views\StudentsInformation.py", "Python", 701, 0, 0, 0, 0, 0, 0, 0, 0, 0, 20, 13, 734
"c:\Users\shado\Desktop\Documents\ComputerProgramme\Code\Development\WebEngineering\Apps\polls\Views\TeachersInformation.py", "Python", 326, 0, 0, 0, 0, 0, 0, 0, 0, 0, 9, 8, 343
"c:\Users\shado\Desktop\Documents\ComputerProgramme\Code\Development\WebEngineering\Apps\polls\Views\UserInformation.py", "Python", 642, 0, 0, 0, 0, 0, 0, 0, 0, 0, 20, 14, 676
"c:\Users\shado\Desktop\Documents\ComputerProgramme\Code\Development\WebEngineering\Apps\polls\Views\__init__.py", "Python", 0, 0, 0, 0, 0, 0, 0, 0, 0, 0, 0, 1, 1
"c:\Users\shado\Desktop\Documents\ComputerProgramme\Code\Development\WebEngineering\Apps\polls\__init__.py", "Python", 0, 0, 0, 0, 0, 0, 0, 0, 0, 0, 0, 1, 1
"c:\Users\shado\Desktop\Documents\ComputerProgramme\Code\Development\WebEngineering\Apps\polls\admin.py", "Python", 24, 0, 0, 0, 0, 0, 0, 0, 0, 0, 1, 3, 28
"c:\Users\shado\Desktop\Documents\ComputerProgramme\Code\Development\WebEngineering\Apps\polls\apps.py", "Python", 3, 0, 0, 0, 0, 0, 0, 0, 0, 0, 0, 3, 6
"c:\Users\shado\Desktop\Documents\ComputerProgramme\Code\Development\WebEngineering\Apps\polls\forms.py", "Python", 0, 0, 0, 0, 0, 0, 0, 0, 0, 0, 0, 1, 1
"c:\Users\shado\Desktop\Documents\ComputerProgramme\Code\Development\WebEngineering\Apps\polls\migrations\__init__.py", "Python", 0, 0, 0, 0, 0, 0, 0, 0, 0, 0, 0, 1, 1
"c:\Users\shado\Desktop\Documents\ComputerProgramme\Code\Development\WebEngineering\Apps\polls\tests.py", "Python", 2, 0, 0, 0, 0, 0, 0, 0, 0, 0, 1, 2, 5
"c:\Users\shado\Desktop\Documents\ComputerProgramme\Code\Development\WebEngineering\Apps\polls\urls.py", "Python", 52, 0, 0, 0, 0, 0, 0, 0, 0, 0, 13, 3, 68
"c:\Users\shado\Desktop\Documents\ComputerProgramme\Code\Development\WebEngineering\Apps\其他.txt", "Django txt", 0, 0, 0, 0, 0, 495, 0, 0, 0, 0, 0, 41, 536
"c:\Users\shado\Desktop\Documents\ComputerProgramme\Code\Development\WebEngineering\README.md", "Markdown", 0, 0, 2, 0, 0, 0, 0, 0, 0, 0, 0, 1, 3
"c:\Users\shado\Desktop\Documents\ComputerProgramme\Code\Development\WebEngineering\WebEngineering\__init__.py", "Python", 3, 0, 0, 0, 0, 0, 0, 0, 0, 0, 2, 2, 7
"c:\Users\shado\Desktop\Documents\ComputerProgramme\Code\Development\WebEngineering\WebEngineering\asgi.py", "Python", 4, 0, 0, 0, 0, 0, 0, 0, 0, 0, 8, 5, 17
"c:\Users\shado\Desktop\Documents\ComputerProgramme\Code\Development\WebEngineering\WebEngineering\celery.py", "Python", 13, 0, 0, 0, 0, 0, 0, 0, 0, 0, 5, 7, 25
"c:\Users\shado\Desktop\Documents\ComputerProgramme\Code\Development\WebEngineering\WebEngineering\settings.py", "Python", 202, 0, 0, 0, 0, 0, 0, 0, 0, 0, 55, 44, 301
"c:\Users\shado\Desktop\Documents\ComputerProgramme\Code\Development\WebEngineering\WebEngineering\settings_production.py", "Python", 206, 0, 0, 0, 0, 0, 0, 0, 0, 0, 55, 44, 305
"c:\Users\shado\Desktop\Documents\ComputerProgramme\Code\Development\WebEngineering\WebEngineering\urls.py", "Python", 28, 0, 0, 0, 0, 0, 0, 0, 0, 0, 18, 1, 47
"c:\Users\shado\Desktop\Documents\ComputerProgramme\Code\Development\WebEngineering\WebEngineering\wsgi.py", "Python", 4, 0, 0, 0, 0, 0, 0, 0, 0, 0, 8, 5, 17
"c:\Users\shado\Desktop\Documents\ComputerProgramme\Code\Development\WebEngineering\apiifiles\开发记录.txt", "Django txt", 0, 0, 0, 0, 0, 33, 0, 0, 0, 0, 0, 11, 44
"c:\Users\shado\Desktop\Documents\ComputerProgramme\Code\Development\WebEngineering\manage.py", "Python", 18, 0, 0, 0, 0, 0, 0, 0, 0, 0, 2, 4, 24
"c:\Users\shado\Desktop\Documents\ComputerProgramme\Code\Development\WebEngineering\nginx.conf", "Properties", 0, 0, 0, 55, 0, 0, 0, 0, 0, 0, 76, 17, 148
"c:\Users\shado\Desktop\Documents\ComputerProgramme\Code\Development\WebEngineering\static\css\bootstrap.min.css", "CSS", 0, 0, 0, 0, 0, 0, 2, 0, 0, 0, 10, 0, 12
"c:\Users\shado\Desktop\Documents\ComputerProgramme\Code\Development\WebEngineering\static\css\dashboard.css", "CSS", 0, 0, 0, 0, 0, 0, 80, 0, 0, 0, 6, 19, 105
"c:\Users\shado\Desktop\Documents\ComputerProgramme\Code\Development\WebEngineering\static\css\index.css", "CSS", 0, 0, 0, 0, 0, 0, 48, 0, 0, 0, 0, 2, 50
"c:\Users\shado\Desktop\Documents\ComputerProgramme\Code\Development\WebEngineering\static\css\main.css", "CSS", 0, 0, 0, 0, 0, 0, 13, 0, 0, 0, 0, 1, 14
"c:\Users\shado\Desktop\Documents\ComputerProgramme\Code\Development\WebEngineering\static\css\signin.css", "CSS", 0, 0, 0, 0, 0, 0, 40, 0, 0, 0, 0, 4, 44
"c:\Users\shado\Desktop\Documents\ComputerProgramme\Code\Development\WebEngineering\static\css\style.css", "CSS", 0, 0, 0, 0, 0, 0, 1023, 0, 0, 0, 8, 28, 1059
"c:\Users\shado\Desktop\Documents\ComputerProgramme\Code\Development\WebEngineering\static\drf-yasg\immutable.min.js", "JavaScript", 0, 0, 0, 0, 0, 0, 0, 0, 28, 0, 6, 0, 34
"c:\Users\shado\Desktop\Documents\ComputerProgramme\Code\Development\WebEngineering\static\drf-yasg\insQ.min.js", "JavaScript", 0, 0, 0, 0, 0, 0, 0, 0, 1, 0, 3, 0, 4
"c:\Users\shado\Desktop\Documents\ComputerProgramme\Code\Development\WebEngineering\static\drf-yasg\redoc-init.js", "JavaScript", 0, 0, 0, 0, 0, 0, 0, 0, 54, 0, 3, 11, 68
"c:\Users\shado\Desktop\Documents\ComputerProgramme\Code\Development\WebEngineering\static\drf-yasg\redoc-old\redoc.min.js", "JavaScript", 0, 0, 0, 0, 0, 0, 0, 0, 1, 0, 7, 0, 8
"c:\Users\shado\Desktop\Documents\ComputerProgramme\Code\Development\WebEngineering\static\drf-yasg\redoc\redoc-logo.png", "compressionTargetFile", 0, 0, 0, 0, 0, 0, 0, 35, 0, 0, 0, 0, 35
"c:\Users\shado\Desktop\Documents\ComputerProgramme\Code\Development\WebEngineering\static\drf-yasg\redoc\redoc.min.js", "JavaScript", 0, 0, 0, 0, 0, 0, 0, 0, 14, 0, 96, 0, 110
"c:\Users\shado\Desktop\Documents\ComputerProgramme\Code\Development\WebEngineering\static\drf-yasg\style.css", "CSS", 0, 0, 0, 0, 0, 0, 60, 0, 0, 0, 0, 14, 74
"c:\Users\shado\Desktop\Documents\ComputerProgramme\Code\Development\WebEngineering\static\drf-yasg\swagger-ui-dist\absolute-path.js", "JavaScript", 0, 0, 0, 0, 0, 0, 0, 0, 7, 0, 6, 2, 15
"c:\Users\shado\Desktop\Documents\ComputerProgramme\Code\Development\WebEngineering\static\drf-yasg\swagger-ui-dist\favicon-32x32.png", "compressionTargetFile", 0, 0, 0, 0, 0, 0, 0, 7, 0, 0, 0, 0, 7
"c:\Users\shado\Desktop\Documents\ComputerProgramme\Code\Development\WebEngineering\static\drf-yasg\swagger-ui-dist\index.js", "JavaScript", 0, 0, 0, 0, 0, 0, 0, 0, 7, 0, 9, 2, 18
"c:\Users\shado\Desktop\Documents\ComputerProgramme\Code\Development\WebEngineering\static\drf-yasg\swagger-ui-dist\oauth2-redirect.html", "Django HTML", 0, 0, 0, 0, 67, 0, 0, 0, 0, 0, 0, 8, 75
"c:\Users\shado\Desktop\Documents\ComputerProgramme\Code\Development\WebEngineering\static\drf-yasg\swagger-ui-dist\swagger-ui-bundle.js", "JavaScript", 0, 0, 0, 0, 0, 0, 0, 0, 1, 0, 2, 0, 3
"c:\Users\shado\Desktop\Documents\ComputerProgramme\Code\Development\WebEngineering\static\drf-yasg\swagger-ui-dist\swagger-ui-es-bundle-core.js", "JavaScript", 0, 0, 0, 0, 0, 0, 0, 0, 1, 0, 2, 0, 3
"c:\Users\shado\Desktop\Documents\ComputerProgramme\Code\Development\WebEngineering\static\drf-yasg\swagger-ui-dist\swagger-ui-es-bundle.js", "JavaScript", 0, 0, 0, 0, 0, 0, 0, 0, 1, 0, 2, 0, 3
"c:\Users\shado\Desktop\Documents\ComputerProgramme\Code\Development\WebEngineering\static\drf-yasg\swagger-ui-dist\swagger-ui-standalone-preset.js", "JavaScript", 0, 0, 0, 0, 0, 0, 0, 0, 1, 0, 2, 0, 3
"c:\Users\shado\Desktop\Documents\ComputerProgramme\Code\Development\WebEngineering\static\drf-yasg\swagger-ui-dist\swagger-ui.css", "CSS", 0, 0, 0, 0, 0, 0, 2, 0, 0, 0, 1, 1, 4
"c:\Users\shado\Desktop\Documents\ComputerProgramme\Code\Development\WebEngineering\static\drf-yasg\swagger-ui-init.js", "JavaScript", 0, 0, 0, 0, 0, 0, 0, 0, 295, 0, 50, 41, 386
"c:\Users\shado\Desktop\Documents\ComputerProgramme\Code\Development\WebEngineering\static\drf-yasg\url-polyfill.min.js", "JavaScript", 0, 0, 0, 0, 0, 0, 0, 0, 1, 0, 0, 0, 1
"c:\Users\shado\Desktop\Documents\ComputerProgramme\Code\Development\WebEngineering\static\img\1.jpg", "compressionTargetFile", 0, 0, 0, 0, 0, 0, 0, 336, 0, 0, 0, 3, 339
"c:\Users\shado\Desktop\Documents\ComputerProgramme\Code\Development\WebEngineering\static\img\2.jpg", "compressionTargetFile", 0, 0, 0, 0, 0, 0, 0, 92, 0, 0, 0, 1, 93
"c:\Users\shado\Desktop\Documents\ComputerProgramme\Code\Development\WebEngineering\static\img\3.jpg", "compressionTargetFile", 0, 0, 0, 0, 0, 0, 0, 85, 0, 0, 0, 1, 86
"c:\Users\shado\Desktop\Documents\ComputerProgramme\Code\Development\WebEngineering\static\img\banner.jpg", "compressionTargetFile", 0, 0, 0, 0, 0, 0, 0, 2525, 0, 0, 0, 30, 2555
"c:\Users\shado\Desktop\Documents\ComputerProgramme\Code\Development\WebEngineering\static\img\lock.png", "compressionTargetFile", 0, 0, 0, 0, 0, 0, 0, 7, 0, 0, 0, 0, 7
"c:\Users\shado\Desktop\Documents\ComputerProgramme\Code\Development\WebEngineering\static\img\mail.png", "compressionTargetFile", 0, 0, 0, 0, 0, 0, 0, 7, 0, 0, 0, 0, 7
"c:\Users\shado\Desktop\Documents\ComputerProgramme\Code\Development\WebEngineering\static\img\person.png", "compressionTargetFile", 0, 0, 0, 0, 0, 0, 0, 8, 0, 0, 0, 0, 8
"c:\Users\shado\Desktop\Documents\ComputerProgramme\Code\Development\WebEngineering\static\img\phone.png", "compressionTargetFile", 0, 0, 0, 0, 0, 0, 0, 8, 0, 0, 0, 0, 8
"c:\Users\shado\Desktop\Documents\ComputerProgramme\Code\Development\WebEngineering\static\js\bootstrap.bundle.min.js", "JavaScript", 0, 0, 0, 0, 0, 0, 0, 0, 1, 0, 6, 0, 7
"c:\Users\shado\Desktop\Documents\ComputerProgramme\Code\Development\WebEngineering\static\js\echarts.min.js", "JavaScript", 0, 0, 0, 0, 0, 0, 0, 0, 3, 0, 40, 3, 46
"c:\Users\shado\Desktop\Documents\ComputerProgramme\Code\Development\WebEngineering\static\js\exporting.js", "JavaScript", 0, 0, 0, 0, 0, 0, 0, 0, 34, 0, 10, 0, 44
"c:\Users\shado\Desktop\Documents\ComputerProgramme\Code\Development\WebEngineering\static\js\feather.min.js", "JavaScript", 0, 0, 0, 0, 0, 0, 0, 0, 2, 0, 11, 0, 13
"c:\Users\shado\Desktop\Documents\ComputerProgramme\Code\Development\WebEngineering\static\js\highcharts-zh_CN.js", "JavaScript", 0, 0, 0, 0, 0, 0, 0, 0, 1, 0, 0, 0, 1
"c:\Users\shado\Desktop\Documents\ComputerProgramme\Code\Development\WebEngineering\static\js\highcharts.js", "JavaScript", 0, 0, 0, 0, 0, 0, 0, 0, 566, 0, 8, 0, 574
"c:\Users\shado\Desktop\Documents\ComputerProgramme\Code\Development\WebEngineering\static\js\index.js", "JavaScript", 0, 0, 0, 0, 0, 0, 0, 0, 482, 0, 70, 24, 576
"c:\Users\shado\Desktop\Documents\ComputerProgramme\Code\Development\WebEngineering\static\js\jquery-3.4.1.slim.min.js", "JavaScript", 0, 0, 0, 0, 0, 0, 0, 0, 1, 0, 1, 0, 2
"c:\Users\shado\Desktop\Documents\ComputerProgramme\Code\Development\WebEngineering\static\js\js\bootstrap.bundle.min.js", "JavaScript", 0, 0, 0, 0, 0, 0, 0, 0, 1, 0, 6, 0, 7
"c:\Users\shado\Desktop\Documents\ComputerProgramme\Code\Development\WebEngineering\static\js\js\echarts.min.js", "JavaScript", 0, 0, 0, 0, 0, 0, 0, 0, 3, 0, 40, 3, 46
"c:\Users\shado\Desktop\Documents\ComputerProgramme\Code\Development\WebEngineering\static\js\js\exporting.js", "JavaScript", 0, 0, 0, 0, 0, 0, 0, 0, 34, 0, 10, 0, 44
"c:\Users\shado\Desktop\Documents\ComputerProgramme\Code\Development\WebEngineering\static\js\js\feather.min.js", "JavaScript", 0, 0, 0, 0, 0, 0, 0, 0, 2, 0, 11, 0, 13
"c:\Users\shado\Desktop\Documents\ComputerProgramme\Code\Development\WebEngineering\static\js\js\highcharts-zh_CN.js", "JavaScript", 0, 0, 0, 0, 0, 0, 0, 0, 1, 0, 0, 0, 1
"c:\Users\shado\Desktop\Documents\ComputerProgramme\Code\Development\WebEngineering\static\js\js\highcharts.js", "JavaScript", 0, 0, 0, 0, 0, 0, 0, 0, 566, 0, 8, 0, 574
"c:\Users\shado\Desktop\Documents\ComputerProgramme\Code\Development\WebEngineering\static\js\js\jquery-3.4.1.slim.min.js", "JavaScript", 0, 0, 0, 0, 0, 0, 0, 0, 1, 0, 1, 0, 2
"c:\Users\shado\Desktop\Documents\ComputerProgramme\Code\Development\WebEngineering\static\js\js\login.js", "JavaScript", 0, 0, 0, 0, 0, 0, 0, 0, 66, 0, 0, 9, 75
"c:\Users\shado\Desktop\Documents\ComputerProgramme\Code\Development\WebEngineering\static\js\login.js", "JavaScript", 0, 0, 0, 0, 0, 0, 0, 0, 66, 0, 0, 9, 75
"c:\Users\shado\Desktop\Documents\ComputerProgramme\Code\Development\WebEngineering\static\头像.jpg", "compressionTargetFile", 0, 0, 0, 0, 0, 0, 0, 5665, 0, 0, 0, 86, 5751
"c:\Users\shado\Desktop\Documents\ComputerProgramme\Code\Development\WebEngineering\templates\base.html", "Django HTML", 0, 0, 0, 0, 65, 0, 0, 0, 0, 0, 0, 20, 85
"c:\Users\shado\Desktop\Documents\ComputerProgramme\Code\Development\WebEngineering\templates\base_auth.html", "Django HTML", 0, 0, 0, 0, 22, 0, 0, 0, 0, 0, 0, 13, 35
"c:\Users\shado\Desktop\Documents\ComputerProgramme\Code\Development\WebEngineering\templates\error\usernotexist.html", "Django HTML", 0, 0, 0, 0, 4, 0, 0, 0, 0, 0, 0, 1, 5
"c:\Users\shado\Desktop\Documents\ComputerProgramme\Code\Development\WebEngineering\templates\error\wrongattr.html", "Django HTML", 0, 0, 0, 0, 4, 0, 0, 0, 0, 0, 0, 1, 5
"c:\Users\shado\Desktop\Documents\ComputerProgramme\Code\Development\WebEngineering\templates\error\wrongcaptcha.html", "Django HTML", 0, 0, 0, 0, 4, 0, 0, 0, 0, 0, 0, 1, 5
"c:\Users\shado\Desktop\Documents\ComputerProgramme\Code\Development\WebEngineering\templates\error\wrongpassword.html", "Django HTML", 0, 0, 0, 0, 4, 0, 0, 0, 0, 0, 0, 1, 5
"c:\Users\shado\Desktop\Documents\ComputerProgramme\Code\Development\WebEngineering\templates\partials\_sidebar.html", "Django HTML", 0, 0, 0, 0, 23, 0, 0, 0, 0, 0, 0, 2, 25
"c:\Users\shado\Desktop\Documents\ComputerProgramme\Code\Development\WebEngineering\templates\studentweb\attendtime.html", "Django HTML", 0, 0, 0, 0, 30, 0, 0, 0, 0, 0, 0, 13, 43
"c:\Users\shado\Desktop\Documents\ComputerProgramme\Code\Development\WebEngineering\templates\studentweb\cap.html", "Django HTML", 0, 0, 0, 0, 30, 0, 0, 0, 0, 0, 0, 0, 30
"c:\Users\shado\Desktop\Documents\ComputerProgramme\Code\Development\WebEngineering\templates\studentweb\changepsw.html", "Django HTML", 0, 0, 0, 0, 59, 0, 0, 0, 0, 0, 0, 10, 69
"c:\Users\shado\Desktop\Documents\ComputerProgramme\Code\Development\WebEngineering\templates\studentweb\changepswsuccess.html", "Django HTML", 0, 0, 0, 0, 18, 0, 0, 0, 0, 0, 0, 1, 19
"c:\Users\shado\Desktop\Documents\ComputerProgramme\Code\Development\WebEngineering\templates\studentweb\chart.html", "Django HTML", 0, 0, 0, 0, 56, 0, 0, 0, 0, 0, 0, 7, 63
"c:\Users\shado\Desktop\Documents\ComputerProgramme\Code\Development\WebEngineering\templates\studentweb\index.html", "Django HTML", 0, 0, 0, 0, 16, 0, 0, 0, 0, 0, 0, 8, 24
"c:\Users\shado\Desktop\Documents\ComputerProgramme\Code\Development\WebEngineering\templates\studentweb\lessoninfo.html", "Django HTML", 0, 0, 0, 0, 25, 0, 0, 0, 0, 0, 0, 10, 35
"c:\Users\shado\Desktop\Documents\ComputerProgramme\Code\Development\WebEngineering\templates\studentweb\login.html", "Django HTML", 0, 0, 0, 0, 50, 0, 0, 0, 0, 0, 0, 8, 58
"c:\Users\shado\Desktop\Documents\ComputerProgramme\Code\Development\WebEngineering\templates\studentweb\statistics.html", "Django HTML", 0, 0, 0, 0, 17, 0, 0, 0, 0, 0, 0, 7, 24
"c:\Users\shado\Desktop\Documents\ComputerProgramme\Code\Development\WebEngineering\test.py", "Python", 15, 0, 0, 0, 0, 0, 0, 0, 0, 0, 3, 3, 21
"c:\Users\shado\Desktop\Documents\ComputerProgramme\Code\Development\WebEngineering\update.py", "Python", 5, 0, 0, 0, 0, 0, 0, 0, 0, 0, 0, 4, 9
"c:\Users\shado\Desktop\Documents\ComputerProgramme\Code\Development\WebEngineering\workspace.code-workspace", "JSON with Comments", 0, 13, 0, 0, 0, 0, 0, 0, 0, 0, 0, 1, 14
"Total", "-", 50239, 13, 158, 55, 494, 2939, 1268, 8775, 2242, 110, 2713, 2718, 71724
